Date,Year,Month,Month Name
1-Jan-24,2024,1,Jan
2-Jan-24,2024,1,Jan
3-Jan-24,2024,1,Jan
4-Jan-24,2024,1,Jan
5-Jan-24,2024,1,Jan
6-Jan-24,2024,1,Jan
7-Jan-24,2024,1,Jan
8-Jan-24,2024,1,Jan
9-Jan-24,2024,1,Jan
10-Jan-24,2024,1,Jan
11-Jan-24,2024,1,Jan
12-Jan-24,2024,1,Jan
13-Jan-24,2024,1,Jan
14-Jan-24,2024,1,Jan
15-Jan-24,2024,1,Jan
16-Jan-24,2024,1,Jan
17-Jan-24,2024,1,Jan
18-Jan-24,2024,1,Jan
19-Jan-24,2024,1,Jan
20-Jan-24,2024,1,Jan
21-Jan-24,2024,1,Jan
22-Jan-24,2024,1,Jan
23-Jan-24,2024,1,Jan
24-Jan-24,2024,1,Jan
25-Jan-24,2024,1,Jan
26-Jan-24,2024,1,Jan
27-Jan-24,2024,1,Jan
28-Jan-24,2024,1,Jan
29-Jan-24,2024,1,Jan
30-Jan-24,2024,1,Jan
31-Jan-24,2024,1,Jan
1-Feb-24,2024,2,Feb
2-Feb-24,2024,2,Feb
3-Feb-24,2024,2,Feb
4-Feb-24,2024,2,Feb
5-Feb-24,2024,2,Feb
6-Feb-24,2024,2,Feb
7-Feb-24,2024,2,Feb
8-Feb-24,2024,2,Feb
9-Feb-24,2024,2,Feb
10-Feb-24,2024,2,Feb
11-Feb-24,2024,2,Feb
12-Feb-24,2024,2,Feb
13-Feb-24,2024,2,Feb
14-Feb-24,2024,2,Feb
15-Feb-24,2024,2,Feb
16-Feb-24,2024,2,Feb
17-Feb-24,2024,2,Feb
18-Feb-24,2024,2,Feb
19-Feb-24,2024,2,Feb
20-Feb-24,2024,2,Feb
21-Feb-24,2024,2,Feb
22-Feb-24,2024,2,Feb
23-Feb-24,2024,2,Feb
24-Feb-24,2024,2,Feb
25-Feb-24,2024,2,Feb
26-Feb-24,2024,2,Feb
27-Feb-24,2024,2,Feb
28-Feb-24,2024,2,Feb
29-Feb-24,2024,2,Feb
1-Mar-24,2024,3,Mar
2-Mar-24,2024,3,Mar
3-Mar-24,2024,3,Mar
4-Mar-24,2024,3,Mar
5-Mar-24,2024,3,Mar
6-Mar-24,2024,3,Mar
7-Mar-24,2024,3,Mar
8-Mar-24,2024,3,Mar
9-Mar-24,2024,3,Mar
10-Mar-24,2024,3,Mar
11-Mar-24,2024,3,Mar
12-Mar-24,2024,3,Mar
13-Mar-24,2024,3,Mar
14-Mar-24,2024,3,Mar
15-Mar-24,2024,3,Mar
16-Mar-24,2024,3,Mar
17-Mar-24,2024,3,Mar
18-Mar-24,2024,3,Mar
19-Mar-24,2024,3,Mar
20-Mar-24,2024,3,Mar
21-Mar-24,2024,3,Mar
22-Mar-24,2024,3,Mar
23-Mar-24,2024,3,Mar
24-Mar-24,2024,3,Mar
25-Mar-24,2024,3,Mar
26-Mar-24,2024,3,Mar
27-Mar-24,2024,3,Mar
28-Mar-24,2024,3,Mar
29-Mar-24,2024,3,Mar
30-Mar-24,2024,3,Mar
31-Mar-24,2024,3,Mar
1-Apr-24,2024,4,Apr
2-Apr-24,2024,4,Apr
3-Apr-24,2024,4,Apr
4-Apr-24,2024,4,Apr
5-Apr-24,2024,4,Apr
6-Apr-24,2024,4,Apr
7-Apr-24,2024,4,Apr
8-Apr-24,2024,4,Apr
9-Apr-24,2024,4,Apr
10-Apr-24,2024,4,Apr
11-Apr-24,2024,4,Apr
12-Apr-24,2024,4,Apr
13-Apr-24,2024,4,Apr
14-Apr-24,2024,4,Apr
15-Apr-24,2024,4,Apr
16-Apr-24,2024,4,Apr
17-Apr-24,2024,4,Apr
18-Apr-24,2024,4,Apr
19-Apr-24,2024,4,Apr
20-Apr-24,2024,4,Apr
21-Apr-24,2024,4,Apr
22-Apr-24,2024,4,Apr
23-Apr-24,2024,4,Apr
24-Apr-24,2024,4,Apr
25-Apr-24,2024,4,Apr
26-Apr-24,2024,4,Apr
27-Apr-24,2024,4,Apr
28-Apr-24,2024,4,Apr
29-Apr-24,2024,4,Apr
30-Apr-24,2024,4,Apr
1-May-24,2024,5,May
2-May-24,2024,5,May
3-May-24,2024,5,May
4-May-24,2024,5,May
5-May-24,2024,5,May
6-May-24,2024,5,May
7-May-24,2024,5,May
8-May-24,2024,5,May
9-May-24,2024,5,May
10-May-24,2024,5,May
11-May-24,2024,5,May
12-May-24,2024,5,May
13-May-24,2024,5,May
14-May-24,2024,5,May
15-May-24,2024,5,May
16-May-24,2024,5,May
17-May-24,2024,5,May
18-May-24,2024,5,May
19-May-24,2024,5,May
20-May-24,2024,5,May
21-May-24,2024,5,May
22-May-24,2024,5,May
23-May-24,2024,5,May
24-May-24,2024,5,May
25-May-24,2024,5,May
26-May-24,2024,5,May
27-May-24,2024,5,May
28-May-24,2024,5,May
29-May-24,2024,5,May
30-May-24,2024,5,May
31-May-24,2024,5,May
1-Jun-24,2024,6,Jun
2-Jun-24,2024,6,Jun
3-Jun-24,2024,6,Jun
4-Jun-24,2024,6,Jun
5-Jun-24,2024,6,Jun
6-Jun-24,2024,6,Jun
7-Jun-24,2024,6,Jun
8-Jun-24,2024,6,Jun
9-Jun-24,2024,6,Jun
10-Jun-24,2024,6,Jun
11-Jun-24,2024,6,Jun
12-Jun-24,2024,6,Jun
13-Jun-24,2024,6,Jun
14-Jun-24,2024,6,Jun
15-Jun-24,2024,6,Jun
16-Jun-24,2024,6,Jun
17-Jun-24,2024,6,Jun
18-Jun-24,2024,6,Jun
19-Jun-24,2024,6,Jun
20-Jun-24,2024,6,Jun
21-Jun-24,2024,6,Jun
22-Jun-24,2024,6,Jun
23-Jun-24,2024,6,Jun
24-Jun-24,2024,6,Jun
25-Jun-24,2024,6,Jun
26-Jun-24,2024,6,Jun
27-Jun-24,2024,6,Jun
28-Jun-24,2024,6,Jun
29-Jun-24,2024,6,Jun
30-Jun-24,2024,6,Jun
1-Jul-24,2024,7,Jul
2-Jul-24,2024,7,Jul
3-Jul-24,2024,7,Jul
4-Jul-24,2024,7,Jul
5-Jul-24,2024,7,Jul
6-Jul-24,2024,7,Jul
7-Jul-24,2024,7,Jul
8-Jul-24,2024,7,Jul
9-Jul-24,2024,7,Jul
10-Jul-24,2024,7,Jul
11-Jul-24,2024,7,Jul
12-Jul-24,2024,7,Jul
13-Jul-24,2024,7,Jul
14-Jul-24,2024,7,Jul
15-Jul-24,2024,7,Jul
16-Jul-24,2024,7,Jul
17-Jul-24,2024,7,Jul
18-Jul-24,2024,7,Jul
19-Jul-24,2024,7,Jul
20-Jul-24,2024,7,Jul
21-Jul-24,2024,7,Jul
22-Jul-24,2024,7,Jul
23-Jul-24,2024,7,Jul
24-Jul-24,2024,7,Jul
25-Jul-24,2024,7,Jul
26-Jul-24,2024,7,Jul
27-Jul-24,2024,7,Jul
28-Jul-24,2024,7,Jul
29-Jul-24,2024,7,Jul
30-Jul-24,2024,7,Jul
31-Jul-24,2024,7,Jul
1-Aug-24,2024,8,Aug
2-Aug-24,2024,8,Aug
3-Aug-24,2024,8,Aug
4-Aug-24,2024,8,Aug
5-Aug-24,2024,8,Aug
6-Aug-24,2024,8,Aug
7-Aug-24,2024,8,Aug
8-Aug-24,2024,8,Aug
9-Aug-24,2024,8,Aug
10-Aug-24,2024,8,Aug
11-Aug-24,2024,8,Aug
12-Aug-24,2024,8,Aug
13-Aug-24,2024,8,Aug
14-Aug-24,2024,8,Aug
15-Aug-24,2024,8,Aug
16-Aug-24,2024,8,Aug
17-Aug-24,2024,8,Aug
18-Aug-24,2024,8,Aug
19-Aug-24,2024,8,Aug
20-Aug-24,2024,8,Aug
21-Aug-24,2024,8,Aug
22-Aug-24,2024,8,Aug
23-Aug-24,2024,8,Aug
24-Aug-24,2024,8,Aug
25-Aug-24,2024,8,Aug
26-Aug-24,2024,8,Aug
27-Aug-24,2024,8,Aug
28-Aug-24,2024,8,Aug
29-Aug-24,2024,8,Aug
30-Aug-24,2024,8,Aug
31-Aug-24,2024,8,Aug
1-Sep-24,2024,9,Sep
2-Sep-24,2024,9,Sep
3-Sep-24,2024,9,Sep
4-Sep-24,2024,9,Sep
5-Sep-24,2024,9,Sep
6-Sep-24,2024,9,Sep
7-Sep-24,2024,9,Sep
8-Sep-24,2024,9,Sep
9-Sep-24,2024,9,Sep
10-Sep-24,2024,9,Sep
11-Sep-24,2024,9,Sep
12-Sep-24,2024,9,Sep
13-Sep-24,2024,9,Sep
14-Sep-24,2024,9,Sep
15-Sep-24,2024,9,Sep
16-Sep-24,2024,9,Sep
17-Sep-24,2024,9,Sep
18-Sep-24,2024,9,Sep
19-Sep-24,2024,9,Sep
20-Sep-24,2024,9,Sep
21-Sep-24,2024,9,Sep
22-Sep-24,2024,9,Sep
23-Sep-24,2024,9,Sep
24-Sep-24,2024,9,Sep
25-Sep-24,2024,9,Sep
26-Sep-24,2024,9,Sep
27-Sep-24,2024,9,Sep
28-Sep-24,2024,9,Sep
29-Sep-24,2024,9,Sep
30-Sep-24,2024,9,Sep
1-Oct-24,2024,10,Oct
2-Oct-24,2024,10,Oct
3-Oct-24,2024,10,Oct
4-Oct-24,2024,10,Oct
5-Oct-24,2024,10,Oct
6-Oct-24,2024,10,Oct
7-Oct-24,2024,10,Oct
8-Oct-24,2024,10,Oct
9-Oct-24,2024,10,Oct
10-Oct-24,2024,10,Oct
11-Oct-24,2024,10,Oct
12-Oct-24,2024,10,Oct
13-Oct-24,2024,10,Oct
14-Oct-24,2024,10,Oct
15-Oct-24,2024,10,Oct
16-Oct-24,2024,10,Oct
17-Oct-24,2024,10,Oct
18-Oct-24,2024,10,Oct
19-Oct-24,2024,10,Oct
20-Oct-24,2024,10,Oct
21-Oct-24,2024,10,Oct
22-Oct-24,2024,10,Oct
23-Oct-24,2024,10,Oct
24-Oct-24,2024,10,Oct
25-Oct-24,2024,10,Oct
26-Oct-24,2024,10,Oct
27-Oct-24,2024,10,Oct
28-Oct-24,2024,10,Oct
29-Oct-24,2024,10,Oct
30-Oct-24,2024,10,Oct
31-Oct-24,2024,10,Oct
1-Nov-24,2024,11,Nov
2-Nov-24,2024,11,Nov
3-Nov-24,2024,11,Nov
4-Nov-24,2024,11,Nov
5-Nov-24,2024,11,Nov
6-Nov-24,2024,11,Nov
7-Nov-24,2024,11,Nov
8-Nov-24,2024,11,Nov
9-Nov-24,2024,11,Nov
10-Nov-24,2024,11,Nov
11-Nov-24,2024,11,Nov
12-Nov-24,2024,11,Nov
13-Nov-24,2024,11,Nov
14-Nov-24,2024,11,Nov
15-Nov-24,2024,11,Nov
16-Nov-24,2024,11,Nov
17-Nov-24,2024,11,Nov
18-Nov-24,2024,11,Nov
19-Nov-24,2024,11,Nov
20-Nov-24,2024,11,Nov
21-Nov-24,2024,11,Nov
22-Nov-24,2024,11,Nov
23-Nov-24,2024,11,Nov
24-Nov-24,2024,11,Nov
25-Nov-24,2024,11,Nov
26-Nov-24,2024,11,Nov
27-Nov-24,2024,11,Nov
28-Nov-24,2024,11,Nov
29-Nov-24,2024,11,Nov
30-Nov-24,2024,11,Nov
1-Dec-24,2024,12,Dec
2-Dec-24,2024,12,Dec
3-Dec-24,2024,12,Dec
4-Dec-24,2024,12,Dec
5-Dec-24,2024,12,Dec
6-Dec-24,2024,12,Dec
7-Dec-24,2024,12,Dec
8-Dec-24,2024,12,Dec
9-Dec-24,2024,12,Dec
10-Dec-24,2024,12,Dec
11-Dec-24,2024,12,Dec
12-Dec-24,2024,12,Dec
13-Dec-24,2024,12,Dec
14-Dec-24,2024,12,Dec
15-Dec-24,2024,12,Dec
16-Dec-24,2024,12,Dec
17-Dec-24,2024,12,Dec
18-Dec-24,2024,12,Dec
19-Dec-24,2024,12,Dec
20-Dec-24,2024,12,Dec
21-Dec-24,2024,12,Dec
22-Dec-24,2024,12,Dec
23-Dec-24,2024,12,Dec
24-Dec-24,2024,12,Dec
25-Dec-24,2024,12,Dec
26-Dec-24,2024,12,Dec
27-Dec-24,2024,12,Dec
28-Dec-24,2024,12,Dec
29-Dec-24,2024,12,Dec
30-Dec-24,2024,12,Dec
31-Dec-24,2024,12,Dec
1-Jan-23,2023,1,Jan
2-Jan-23,2023,1,Jan
3-Jan-23,2023,1,Jan
4-Jan-23,2023,1,Jan
5-Jan-23,2023,1,Jan
6-Jan-23,2023,1,Jan
7-Jan-23,2023,1,Jan
8-Jan-23,2023,1,Jan
9-Jan-23,2023,1,Jan
10-Jan-23,2023,1,Jan
11-Jan-23,2023,1,Jan
12-Jan-23,2023,1,Jan
13-Jan-23,2023,1,Jan
14-Jan-23,2023,1,Jan
15-Jan-23,2023,1,Jan
16-Jan-23,2023,1,Jan
17-Jan-23,2023,1,Jan
18-Jan-23,2023,1,Jan
19-Jan-23,2023,1,Jan
20-Jan-23,2023,1,Jan
21-Jan-23,2023,1,Jan
22-Jan-23,2023,1,Jan
23-Jan-23,2023,1,Jan
24-Jan-23,2023,1,Jan
25-Jan-23,2023,1,Jan
26-Jan-23,2023,1,Jan
27-Jan-23,2023,1,Jan
28-Jan-23,2023,1,Jan
29-Jan-23,2023,1,Jan
30-Jan-23,2023,1,Jan
31-Jan-23,2023,1,Jan
1-Feb-23,2023,2,Feb
2-Feb-23,2023,2,Feb
3-Feb-23,2023,2,Feb
4-Feb-23,2023,2,Feb
5-Feb-23,2023,2,Feb
6-Feb-23,2023,2,Feb
7-Feb-23,2023,2,Feb
8-Feb-23,2023,2,Feb
9-Feb-23,2023,2,Feb
10-Feb-23,2023,2,Feb
11-Feb-23,2023,2,Feb
12-Feb-23,2023,2,Feb
13-Feb-23,2023,2,Feb
14-Feb-23,2023,2,Feb
15-Feb-23,2023,2,Feb
16-Feb-23,2023,2,Feb
17-Feb-23,2023,2,Feb
18-Feb-23,2023,2,Feb
19-Feb-23,2023,2,Feb
20-Feb-23,2023,2,Feb
21-Feb-23,2023,2,Feb
22-Feb-23,2023,2,Feb
23-Feb-23,2023,2,Feb
24-Feb-23,2023,2,Feb
25-Feb-23,2023,2,Feb
26-Feb-23,2023,2,Feb
27-Feb-23,2023,2,Feb
28-Feb-23,2023,2,Feb
1-Mar-23,2023,3,Mar
2-Mar-23,2023,3,Mar
3-Mar-23,2023,3,Mar
4-Mar-23,2023,3,Mar
5-Mar-23,2023,3,Mar
6-Mar-23,2023,3,Mar
7-Mar-23,2023,3,Mar
8-Mar-23,2023,3,Mar
9-Mar-23,2023,3,Mar
10-Mar-23,2023,3,Mar
11-Mar-23,2023,3,Mar
12-Mar-23,2023,3,Mar
13-Mar-23,2023,3,Mar
14-Mar-23,2023,3,Mar
15-Mar-23,2023,3,Mar
16-Mar-23,2023,3,Mar
17-Mar-23,2023,3,Mar
18-Mar-23,2023,3,Mar
19-Mar-23,2023,3,Mar
20-Mar-23,2023,3,Mar
21-Mar-23,2023,3,Mar
22-Mar-23,2023,3,Mar
23-Mar-23,2023,3,Mar
24-Mar-23,2023,3,Mar
25-Mar-23,2023,3,Mar
26-Mar-23,2023,3,Mar
27-Mar-23,2023,3,Mar
28-Mar-23,2023,3,Mar
29-Mar-23,2023,3,Mar
30-Mar-23,2023,3,Mar
31-Mar-23,2023,3,Mar
1-Apr-23,2023,4,Apr
2-Apr-23,2023,4,Apr
3-Apr-23,2023,4,Apr
4-Apr-23,2023,4,Apr
5-Apr-23,2023,4,Apr
6-Apr-23,2023,4,Apr
7-Apr-23,2023,4,Apr
8-Apr-23,2023,4,Apr
9-Apr-23,2023,4,Apr
10-Apr-23,2023,4,Apr
11-Apr-23,2023,4,Apr
12-Apr-23,2023,4,Apr
13-Apr-23,2023,4,Apr
14-Apr-23,2023,4,Apr
15-Apr-23,2023,4,Apr
16-Apr-23,2023,4,Apr
17-Apr-23,2023,4,Apr
18-Apr-23,2023,4,Apr
19-Apr-23,2023,4,Apr
20-Apr-23,2023,4,Apr
21-Apr-23,2023,4,Apr
22-Apr-23,2023,4,Apr
23-Apr-23,2023,4,Apr
24-Apr-23,2023,4,Apr
25-Apr-23,2023,4,Apr
26-Apr-23,2023,4,Apr
27-Apr-23,2023,4,Apr
28-Apr-23,2023,4,Apr
29-Apr-23,2023,4,Apr
30-Apr-23,2023,4,Apr
1-May-23,2023,5,May
2-May-23,2023,5,May
3-May-23,2023,5,May
4-May-23,2023,5,May
5-May-23,2023,5,May
6-May-23,2023,5,May
7-May-23,2023,5,May
8-May-23,2023,5,May
9-May-23,2023,5,May
10-May-23,2023,5,May
11-May-23,2023,5,May
12-May-23,2023,5,May
13-May-23,2023,5,May
14-May-23,2023,5,May
15-May-23,2023,5,May
16-May-23,2023,5,May
17-May-23,2023,5,May
18-May-23,2023,5,May
19-May-23,2023,5,May
20-May-23,2023,5,May
21-May-23,2023,5,May
22-May-23,2023,5,May
23-May-23,2023,5,May
24-May-23,2023,5,May
25-May-23,2023,5,May
26-May-23,2023,5,May
27-May-23,2023,5,May
28-May-23,2023,5,May
29-May-23,2023,5,May
30-May-23,2023,5,May
31-May-23,2023,5,May
1-Jun-23,2023,6,Jun
2-Jun-23,2023,6,Jun
3-Jun-23,2023,6,Jun
4-Jun-23,2023,6,Jun
5-Jun-23,2023,6,Jun
6-Jun-23,2023,6,Jun
7-Jun-23,2023,6,Jun
8-Jun-23,2023,6,Jun
9-Jun-23,2023,6,Jun
10-Jun-23,2023,6,Jun
11-Jun-23,2023,6,Jun
12-Jun-23,2023,6,Jun
13-Jun-23,2023,6,Jun
14-Jun-23,2023,6,Jun
15-Jun-23,2023,6,Jun
16-Jun-23,2023,6,Jun
17-Jun-23,2023,6,Jun
18-Jun-23,2023,6,Jun
19-Jun-23,2023,6,Jun
20-Jun-23,2023,6,Jun
21-Jun-23,2023,6,Jun
22-Jun-23,2023,6,Jun
23-Jun-23,2023,6,Jun
24-Jun-23,2023,6,Jun
25-Jun-23,2023,6,Jun
26-Jun-23,2023,6,Jun
27-Jun-23,2023,6,Jun
28-Jun-23,2023,6,Jun
29-Jun-23,2023,6,Jun
30-Jun-23,2023,6,Jun
1-Jul-23,2023,7,Jul
2-Jul-23,2023,7,Jul
3-Jul-23,2023,7,Jul
4-Jul-23,2023,7,Jul
5-Jul-23,2023,7,Jul
6-Jul-23,2023,7,Jul
7-Jul-23,2023,7,Jul
8-Jul-23,2023,7,Jul
9-Jul-23,2023,7,Jul
10-Jul-23,2023,7,Jul
11-Jul-23,2023,7,Jul
12-Jul-23,2023,7,Jul
13-Jul-23,2023,7,Jul
14-Jul-23,2023,7,Jul
15-Jul-23,2023,7,Jul
16-Jul-23,2023,7,Jul
17-Jul-23,2023,7,Jul
18-Jul-23,2023,7,Jul
19-Jul-23,2023,7,Jul
20-Jul-23,2023,7,Jul
21-Jul-23,2023,7,Jul
22-Jul-23,2023,7,Jul
23-Jul-23,2023,7,Jul
24-Jul-23,2023,7,Jul
25-Jul-23,2023,7,Jul
26-Jul-23,2023,7,Jul
27-Jul-23,2023,7,Jul
28-Jul-23,2023,7,Jul
29-Jul-23,2023,7,Jul
30-Jul-23,2023,7,Jul
31-Jul-23,2023,7,Jul
1-Aug-23,2023,8,Aug
2-Aug-23,2023,8,Aug
3-Aug-23,2023,8,Aug
4-Aug-23,2023,8,Aug
5-Aug-23,2023,8,Aug
6-Aug-23,2023,8,Aug
7-Aug-23,2023,8,Aug
8-Aug-23,2023,8,Aug
9-Aug-23,2023,8,Aug
10-Aug-23,2023,8,Aug
11-Aug-23,2023,8,Aug
12-Aug-23,2023,8,Aug
13-Aug-23,2023,8,Aug
14-Aug-23,2023,8,Aug
15-Aug-23,2023,8,Aug
16-Aug-23,2023,8,Aug
17-Aug-23,2023,8,Aug
18-Aug-23,2023,8,Aug
19-Aug-23,2023,8,Aug
20-Aug-23,2023,8,Aug
21-Aug-23,2023,8,Aug
22-Aug-23,2023,8,Aug
23-Aug-23,2023,8,Aug
24-Aug-23,2023,8,Aug
25-Aug-23,2023,8,Aug
26-Aug-23,2023,8,Aug
27-Aug-23,2023,8,Aug
28-Aug-23,2023,8,Aug
29-Aug-23,2023,8,Aug
30-Aug-23,2023,8,Aug
31-Aug-23,2023,8,Aug
1-Sep-23,2023,9,Sep
2-Sep-23,2023,9,Sep
3-Sep-23,2023,9,Sep
4-Sep-23,2023,9,Sep
5-Sep-23,2023,9,Sep
6-Sep-23,2023,9,Sep
7-Sep-23,2023,9,Sep
8-Sep-23,2023,9,Sep
9-Sep-23,2023,9,Sep
10-Sep-23,2023,9,Sep
11-Sep-23,2023,9,Sep
12-Sep-23,2023,9,Sep
13-Sep-23,2023,9,Sep
14-Sep-23,2023,9,Sep
15-Sep-23,2023,9,Sep
16-Sep-23,2023,9,Sep
17-Sep-23,2023,9,Sep
18-Sep-23,2023,9,Sep
19-Sep-23,2023,9,Sep
20-Sep-23,2023,9,Sep
21-Sep-23,2023,9,Sep
22-Sep-23,2023,9,Sep
23-Sep-23,2023,9,Sep
24-Sep-23,2023,9,Sep
25-Sep-23,2023,9,Sep
26-Sep-23,2023,9,Sep
27-Sep-23,2023,9,Sep
28-Sep-23,2023,9,Sep
29-Sep-23,2023,9,Sep
30-Sep-23,2023,9,Sep
1-Oct-23,2023,10,Oct
2-Oct-23,2023,10,Oct
3-Oct-23,2023,10,Oct
4-Oct-23,2023,10,Oct
5-Oct-23,2023,10,Oct
6-Oct-23,2023,10,Oct
7-Oct-23,2023,10,Oct
8-Oct-23,2023,10,Oct
9-Oct-23,2023,10,Oct
10-Oct-23,2023,10,Oct
11-Oct-23,2023,10,Oct
12-Oct-23,2023,10,Oct
13-Oct-23,2023,10,Oct
14-Oct-23,2023,10,Oct
15-Oct-23,2023,10,Oct
16-Oct-23,2023,10,Oct
17-Oct-23,2023,10,Oct
18-Oct-23,2023,10,Oct
19-Oct-23,2023,10,Oct
20-Oct-23,2023,10,Oct
21-Oct-23,2023,10,Oct
22-Oct-23,2023,10,Oct
23-Oct-23,2023,10,Oct
24-Oct-23,2023,10,Oct
25-Oct-23,2023,10,Oct
26-Oct-23,2023,10,Oct
27-Oct-23,2023,10,Oct
28-Oct-23,2023,10,Oct
29-Oct-23,2023,10,Oct
30-Oct-23,2023,10,Oct
31-Oct-23,2023,10,Oct
1-Nov-23,2023,11,Nov
2-Nov-23,2023,11,Nov
3-Nov-23,2023,11,Nov
4-Nov-23,2023,11,Nov
5-Nov-23,2023,11,Nov
6-Nov-23,2023,11,Nov
7-Nov-23,2023,11,Nov
8-Nov-23,2023,11,Nov
9-Nov-23,2023,11,Nov
10-Nov-23,2023,11,Nov
11-Nov-23,2023,11,Nov
12-Nov-23,2023,11,Nov
13-Nov-23,2023,11,Nov
14-Nov-23,2023,11,Nov
15-Nov-23,2023,11,Nov
16-Nov-23,2023,11,Nov
17-Nov-23,2023,11,Nov
18-Nov-23,2023,11,Nov
19-Nov-23,2023,11,Nov
20-Nov-23,2023,11,Nov
21-Nov-23,2023,11,Nov
22-Nov-23,2023,11,Nov
23-Nov-23,2023,11,Nov
24-Nov-23,2023,11,Nov
25-Nov-23,2023,11,Nov
26-Nov-23,2023,11,Nov
27-Nov-23,2023,11,Nov
28-Nov-23,2023,11,Nov
29-Nov-23,2023,11,Nov
30-Nov-23,2023,11,Nov
1-Dec-23,2023,12,Dec
2-Dec-23,2023,12,Dec
3-Dec-23,2023,12,Dec
4-Dec-23,2023,12,Dec
5-Dec-23,2023,12,Dec
6-Dec-23,2023,12,Dec
7-Dec-23,2023,12,Dec
8-Dec-23,2023,12,Dec
9-Dec-23,2023,12,Dec
10-Dec-23,2023,12,Dec
11-Dec-23,2023,12,Dec
12-Dec-23,2023,12,Dec
13-Dec-23,2023,12,Dec
14-Dec-23,2023,12,Dec
15-Dec-23,2023,12,Dec
16-Dec-23,2023,12,Dec
17-Dec-23,2023,12,Dec
18-Dec-23,2023,12,Dec
19-Dec-23,2023,12,Dec
20-Dec-23,2023,12,Dec
21-Dec-23,2023,12,Dec
22-Dec-23,2023,12,Dec
23-Dec-23,2023,12,Dec
24-Dec-23,2023,12,Dec
25-Dec-23,2023,12,Dec
26-Dec-23,2023,12,Dec
27-Dec-23,2023,12,Dec
28-Dec-23,2023,12,Dec
29-Dec-23,2023,12,Dec
30-Dec-23,2023,12,Dec
31-Dec-23,2023,12,Dec
1-Jan-25,2025,1,Jan
2-Jan-25,2025,1,Jan
3-Jan-25,2025,1,Jan
4-Jan-25,2025,1,Jan
5-Jan-25,2025,1,Jan
6-Jan-25,2025,1,Jan
7-Jan-25,2025,1,Jan
8-Jan-25,2025,1,Jan
9-Jan-25,2025,1,Jan
10-Jan-25,2025,1,Jan
11-Jan-25,2025,1,Jan
12-Jan-25,2025,1,Jan
13-Jan-25,2025,1,Jan
14-Jan-25,2025,1,Jan
15-Jan-25,2025,1,Jan
16-Jan-25,2025,1,Jan
17-Jan-25,2025,1,Jan
18-Jan-25,2025,1,Jan
19-Jan-25,2025,1,Jan
20-Jan-25,2025,1,Jan
21-Jan-25,2025,1,Jan
22-Jan-25,2025,1,Jan
23-Jan-25,2025,1,Jan
24-Jan-25,2025,1,Jan
25-Jan-25,2025,1,Jan
26-Jan-25,2025,1,Jan
27-Jan-25,2025,1,Jan
28-Jan-25,2025,1,Jan
29-Jan-25,2025,1,Jan
30-Jan-25,2025,1,Jan
31-Jan-25,2025,1,Jan
1-Feb-25,2025,2,Feb
2-Feb-25,2025,2,Feb
3-Feb-25,2025,2,Feb
4-Feb-25,2025,2,Feb
5-Feb-25,2025,2,Feb
6-Feb-25,2025,2,Feb
7-Feb-25,2025,2,Feb
8-Feb-25,2025,2,Feb
9-Feb-25,2025,2,Feb
10-Feb-25,2025,2,Feb
11-Feb-25,2025,2,Feb
12-Feb-25,2025,2,Feb
13-Feb-25,2025,2,Feb
14-Feb-25,2025,2,Feb
15-Feb-25,2025,2,Feb
16-Feb-25,2025,2,Feb
17-Feb-25,2025,2,Feb
18-Feb-25,2025,2,Feb
19-Feb-25,2025,2,Feb
20-Feb-25,2025,2,Feb
21-Feb-25,2025,2,Feb
22-Feb-25,2025,2,Feb
23-Feb-25,2025,2,Feb
24-Feb-25,2025,2,Feb
25-Feb-25,2025,2,Feb
26-Feb-25,2025,2,Feb
27-Feb-25,2025,2,Feb
28-Feb-25,2025,2,Feb
1-Mar-25,2025,3,Mar
2-Mar-25,2025,3,Mar
3-Mar-25,2025,3,Mar
4-Mar-25,2025,3,Mar
5-Mar-25,2025,3,Mar
6-Mar-25,2025,3,Mar
7-Mar-25,2025,3,Mar
8-Mar-25,2025,3,Mar
9-Mar-25,2025,3,Mar
10-Mar-25,2025,3,Mar
11-Mar-25,2025,3,Mar
12-Mar-25,2025,3,Mar
13-Mar-25,2025,3,Mar
14-Mar-25,2025,3,Mar
15-Mar-25,2025,3,Mar
16-Mar-25,2025,3,Mar
17-Mar-25,2025,3,Mar
18-Mar-25,2025,3,Mar
19-Mar-25,2025,3,Mar
20-Mar-25,2025,3,Mar
21-Mar-25,2025,3,Mar
22-Mar-25,2025,3,Mar
23-Mar-25,2025,3,Mar
24-Mar-25,2025,3,Mar
25-Mar-25,2025,3,Mar
26-Mar-25,2025,3,Mar
27-Mar-25,2025,3,Mar
28-Mar-25,2025,3,Mar
29-Mar-25,2025,3,Mar
30-Mar-25,2025,3,Mar
31-Mar-25,2025,3,Mar
1-Apr-25,2025,4,Apr
2-Apr-25,2025,4,Apr
3-Apr-25,2025,4,Apr
4-Apr-25,2025,4,Apr
5-Apr-25,2025,4,Apr
6-Apr-25,2025,4,Apr
7-Apr-25,2025,4,Apr
8-Apr-25,2025,4,Apr
9-Apr-25,2025,4,Apr
10-Apr-25,2025,4,Apr
11-Apr-25,2025,4,Apr
12-Apr-25,2025,4,Apr
13-Apr-25,2025,4,Apr
14-Apr-25,2025,4,Apr
15-Apr-25,2025,4,Apr
16-Apr-25,2025,4,Apr
17-Apr-25,2025,4,Apr
18-Apr-25,2025,4,Apr
19-Apr-25,2025,4,Apr
20-Apr-25,2025,4,Apr
21-Apr-25,2025,4,Apr
22-Apr-25,2025,4,Apr
23-Apr-25,2025,4,Apr
24-Apr-25,2025,4,Apr
25-Apr-25,2025,4,Apr
26-Apr-25,2025,4,Apr
27-Apr-25,2025,4,Apr
28-Apr-25,2025,4,Apr
29-Apr-25,2025,4,Apr
30-Apr-25,2025,4,Apr
1-May-25,2025,5,May
2-May-25,2025,5,May
3-May-25,2025,5,May
4-May-25,2025,5,May
5-May-25,2025,5,May
6-May-25,2025,5,May
7-May-25,2025,5,May
8-May-25,2025,5,May
9-May-25,2025,5,May
10-May-25,2025,5,May
11-May-25,2025,5,May
12-May-25,2025,5,May
13-May-25,2025,5,May
14-May-25,2025,5,May
15-May-25,2025,5,May
16-May-25,2025,5,May
17-May-25,2025,5,May
18-May-25,2025,5,May
19-May-25,2025,5,May
20-May-25,2025,5,May
21-May-25,2025,5,May
22-May-25,2025,5,May
23-May-25,2025,5,May
24-May-25,2025,5,May
25-May-25,2025,5,May
26-May-25,2025,5,May
27-May-25,2025,5,May
28-May-25,2025,5,May
29-May-25,2025,5,May
30-May-25,2025,5,May
31-May-25,2025,5,May
1-Jun-25,2025,6,Jun
2-Jun-25,2025,6,Jun
3-Jun-25,2025,6,Jun
4-Jun-25,2025,6,Jun
5-Jun-25,2025,6,Jun
6-Jun-25,2025,6,Jun
7-Jun-25,2025,6,Jun
8-Jun-25,2025,6,Jun
9-Jun-25,2025,6,Jun
10-Jun-25,2025,6,Jun
11-Jun-25,2025,6,Jun
12-Jun-25,2025,6,Jun
13-Jun-25,2025,6,Jun
14-Jun-25,2025,6,Jun
15-Jun-25,2025,6,Jun
16-Jun-25,2025,6,Jun
17-Jun-25,2025,6,Jun
18-Jun-25,2025,6,Jun
19-Jun-25,2025,6,Jun
20-Jun-25,2025,6,Jun
21-Jun-25,2025,6,Jun
22-Jun-25,2025,6,Jun
23-Jun-25,2025,6,Jun
24-Jun-25,2025,6,Jun
25-Jun-25,2025,6,Jun
26-Jun-25,2025,6,Jun
27-Jun-25,2025,6,Jun
28-Jun-25,2025,6,Jun
29-Jun-25,2025,6,Jun
30-Jun-25,2025,6,Jun
1-Jul-25,2025,7,Jul
2-Jul-25,2025,7,Jul
3-Jul-25,2025,7,Jul
4-Jul-25,2025,7,Jul
5-Jul-25,2025,7,Jul
6-Jul-25,2025,7,Jul
7-Jul-25,2025,7,Jul
8-Jul-25,2025,7,Jul
9-Jul-25,2025,7,Jul
10-Jul-25,2025,7,Jul
11-Jul-25,2025,7,Jul
12-Jul-25,2025,7,Jul
13-Jul-25,2025,7,Jul
14-Jul-25,2025,7,Jul
15-Jul-25,2025,7,Jul
16-Jul-25,2025,7,Jul
17-Jul-25,2025,7,Jul
18-Jul-25,2025,7,Jul
19-Jul-25,2025,7,Jul
20-Jul-25,2025,7,Jul
21-Jul-25,2025,7,Jul
22-Jul-25,2025,7,Jul
23-Jul-25,2025,7,Jul
24-Jul-25,2025,7,Jul
25-Jul-25,2025,7,Jul
26-Jul-25,2025,7,Jul
27-Jul-25,2025,7,Jul
28-Jul-25,2025,7,Jul
29-Jul-25,2025,7,Jul
30-Jul-25,2025,7,Jul
31-Jul-25,2025,7,Jul
1-Aug-25,2025,8,Aug
2-Aug-25,2025,8,Aug
3-Aug-25,2025,8,Aug
4-Aug-25,2025,8,Aug
5-Aug-25,2025,8,Aug
6-Aug-25,2025,8,Aug
7-Aug-25,2025,8,Aug
8-Aug-25,2025,8,Aug
9-Aug-25,2025,8,Aug
10-Aug-25,2025,8,Aug
11-Aug-25,2025,8,Aug
12-Aug-25,2025,8,Aug
13-Aug-25,2025,8,Aug
14-Aug-25,2025,8,Aug
15-Aug-25,2025,8,Aug
16-Aug-25,2025,8,Aug
17-Aug-25,2025,8,Aug
18-Aug-25,2025,8,Aug
19-Aug-25,2025,8,Aug
20-Aug-25,2025,8,Aug
21-Aug-25,2025,8,Aug
22-Aug-25,2025,8,Aug
23-Aug-25,2025,8,Aug
24-Aug-25,2025,8,Aug
25-Aug-25,2025,8,Aug
26-Aug-25,2025,8,Aug
27-Aug-25,2025,8,Aug
28-Aug-25,2025,8,Aug
29-Aug-25,2025,8,Aug
30-Aug-25,2025,8,Aug
31-Aug-25,2025,8,Aug
1-Sep-25,2025,9,Sep
2-Sep-25,2025,9,Sep
3-Sep-25,2025,9,Sep
4-Sep-25,2025,9,Sep
5-Sep-25,2025,9,Sep
6-Sep-25,2025,9,Sep
7-Sep-25,2025,9,Sep
8-Sep-25,2025,9,Sep
9-Sep-25,2025,9,Sep
10-Sep-25,2025,9,Sep
11-Sep-25,2025,9,Sep
12-Sep-25,2025,9,Sep
13-Sep-25,2025,9,Sep
14-Sep-25,2025,9,Sep
15-Sep-25,2025,9,Sep
16-Sep-25,2025,9,Sep
17-Sep-25,2025,9,Sep
18-Sep-25,2025,9,Sep
19-Sep-25,2025,9,Sep
20-Sep-25,2025,9,Sep
21-Sep-25,2025,9,Sep
22-Sep-25,2025,9,Sep
23-Sep-25,2025,9,Sep
24-Sep-25,2025,9,Sep
25-Sep-25,2025,9,Sep
26-Sep-25,2025,9,Sep
27-Sep-25,2025,9,Sep
28-Sep-25,2025,9,Sep
29-Sep-25,2025,9,Sep
30-Sep-25,2025,9,Sep
1-Oct-25,2025,10,Oct
2-Oct-25,2025,10,Oct
3-Oct-25,2025,10,Oct
4-Oct-25,2025,10,Oct
5-Oct-25,2025,10,Oct
6-Oct-25,2025,10,Oct
7-Oct-25,2025,10,Oct
8-Oct-25,2025,10,Oct
9-Oct-25,2025,10,Oct
10-Oct-25,2025,10,Oct
11-Oct-25,2025,10,Oct
12-Oct-25,2025,10,Oct
13-Oct-25,2025,10,Oct
14-Oct-25,2025,10,Oct
15-Oct-25,2025,10,Oct
16-Oct-25,2025,10,Oct
17-Oct-25,2025,10,Oct
18-Oct-25,2025,10,Oct
19-Oct-25,2025,10,Oct
20-Oct-25,2025,10,Oct
21-Oct-25,2025,10,Oct
22-Oct-25,2025,10,Oct
23-Oct-25,2025,10,Oct
24-Oct-25,2025,10,Oct
25-Oct-25,2025,10,Oct
26-Oct-25,2025,10,Oct
27-Oct-25,2025,10,Oct
28-Oct-25,2025,10,Oct
29-Oct-25,2025,10,Oct
30-Oct-25,2025,10,Oct
31-Oct-25,2025,10,Oct
1-Nov-25,2025,11,Nov
2-Nov-25,2025,11,Nov
3-Nov-25,2025,11,Nov
4-Nov-25,2025,11,Nov
5-Nov-25,2025,11,Nov
6-Nov-25,2025,11,Nov
7-Nov-25,2025,11,Nov
8-Nov-25,2025,11,Nov
9-Nov-25,2025,11,Nov
10-Nov-25,2025,11,Nov
11-Nov-25,2025,11,Nov
12-Nov-25,2025,11,Nov
13-Nov-25,2025,11,Nov
14-Nov-25,2025,11,Nov
15-Nov-25,2025,11,Nov
16-Nov-25,2025,11,Nov
17-Nov-25,2025,11,Nov
18-Nov-25,2025,11,Nov
19-Nov-25,2025,11,Nov
20-Nov-25,2025,11,Nov
21-Nov-25,2025,11,Nov
22-Nov-25,2025,11,Nov
23-Nov-25,2025,11,Nov
24-Nov-25,2025,11,Nov
25-Nov-25,2025,11,Nov
26-Nov-25,2025,11,Nov
27-Nov-25,2025,11,Nov
28-Nov-25,2025,11,Nov
29-Nov-25,2025,11,Nov
30-Nov-25,2025,11,Nov
1-Dec-25,2025,12,Dec
2-Dec-25,2025,12,Dec
3-Dec-25,2025,12,Dec
4-Dec-25,2025,12,Dec
5-Dec-25,2025,12,Dec
6-Dec-25,2025,12,Dec
7-Dec-25,2025,12,Dec
8-Dec-25,2025,12,Dec
9-Dec-25,2025,12,Dec
10-Dec-25,2025,12,Dec
11-Dec-25,2025,12,Dec
12-Dec-25,2025,12,Dec
13-Dec-25,2025,12,Dec
14-Dec-25,2025,12,Dec
15-Dec-25,2025,12,Dec
16-Dec-25,2025,12,Dec
17-Dec-25,2025,12,Dec
18-Dec-25,2025,12,Dec
19-Dec-25,2025,12,Dec
20-Dec-25,2025,12,Dec
21-Dec-25,2025,12,Dec
22-Dec-25,2025,12,Dec
23-Dec-25,2025,12,Dec
24-Dec-25,2025,12,Dec
25-Dec-25,2025,12,Dec
26-Dec-25,2025,12,Dec
27-Dec-25,2025,12,Dec
28-Dec-25,2025,12,Dec
29-Dec-25,2025,12,Dec
30-Dec-25,2025,12,Dec
